{
	"header" : [
		{"ActionCode"	: "1"},
		{"Message"		: "Request is parsed successfully and corresponding response is generaed!"},
		{"SysVersion"	: "1.0.2"}
	],
	"Headings":[
		{"dataField": "Company ID"},
		{"dataField": "Name"},
		{"dataField": "Contact"},
		{
			"dataField": "Active",
			"caption": "Active",
			"cellTemplate": "<div class='actions'><input type='checkbox' class='form-check-input'><label class='form-check-label'> Active</label></div>"
		},
		{
			"dataField": "Actions",
			"caption": "Action",
			"cellTemplate": "<div class='actions'> <a data-toggle='tooltip' data-placement='bottom' href='' title='User Managment'><i class='fa fa-user'></i></a>  <a data-toggle='tooltip' data-placement='bottom' href='' title='Send Email'><i class='fa fa-envelope'></i></a>  <a data-toggle='tooltip' data-placement='bottom' href='' title='Page Managment'><i class='fa fa-file-alt'></i></a>  <a data-toggle='tooltip' data-placement='bottom' href='' title='Access Control'><i class='fa fa-file-contract'></i></a> </div>"
		}
	],
	"jData" :[
		{
			"Company ID": "12",
			"Name": "Abc Limo",
			"Contact": "0800 20459"
		}
	]
}
