{
	"header" : [
		{"ActionCode"	: "1"},
		{"Message"		: "Request is parsed successfully and corresponding response is generaed!"},
		{"SysVersion"	: "1.0.2"}
	],
	"Headings":[
		{
			"dataField": "Control",
			"caption": "Control",
			"cellTemplate": "<select class='select full'><option value='156'>-- Affiliates --</option><option value='11'>Abc Limo</option> <option value='12'>Xyz Limo</option><option value='16'>Cumionu Limo</option></select>"
		},
		{"dataField": "Height"},
		{"dataField": "Width"},
		{"dataField": "Description"}
	],
	"jData" :[
		{
			"Height": "250px",
			"Width": "500px",
			"Description": " "
		},
		{
			"Height": "250px",
			"Width": "500px",
			"Description": " "
		},
		{
			"Height": "250px",
			"Width": "500px",
			"Description": " "
		}
	]
}
