{
	"jobsStatus":[
					{ "title": "Jobs To Dispatch", "icon": "fa fa-car-alt", "count":"3"},
					{ "title": "Jobs Waiting", "icon": "far fa-clock", "count":"4"},
					{ "title": "Late On Scene", "icon": "fa fa-hourglass-half", "count":"7"}
		],

	"vehicleStatus" :[
		{ "title": "Booked In", "icon": "fa fa-desktop", "count":"6"},
		{ "title": "On Call", "icon": "fa fa-phone-volume", "count":"5"},
		{ "title": "On Scene", "icon": "fa fa-film", "count":"6"},
		{ "title": "Circling", "icon": "fa fa-link", "count":"7"},
		{ "title": "Load", "icon": "fa fa-truck-pickup", "count":"3"},
		{ "title": "Unload", "icon": "fa fa-luggage-cart", "count":"5"}

		]
}
