{
	"JHeader": {
		"ActionCode": 0,
		"Message": "Request is parsed and Response is generated successfully",
		"SysVersion": "1.0.0"
	},
	"JMetaData": {
		"PageNum": 0,
		"PageSize": 10,
		"SortBy": "RESERVATION_DATE",
		"SortOrder": "DESC",
		"TotalRecords": 10,
		"Headings": [
			["LOGIN_ID", "LOGIN ID", "S"],
			["RESERVATION_NUM", "RES NUM", "S"],
			["FIRST_NAME", "FIRST NAME", "S"],
			["LAST_NAME", "LAST NAME", "S"],
			["RESERVATION_DATE", "RES DATE", "S", "DD/MM/YYYY"],
			["RESERVATION_TIME", "RES TIME", "T", "HH12:MM PM"],
			["IMAGE_ID", "IMAGE ID", "S"],
			["IMAGE_FULLPATH", "IMAGE PATH", "S"],
			["IMAGEID_PNG", "IMAGE ID PNG", "S"],
			["VOUCHER_NUM", "VOU NUM", "S"],
			["ORIGINATE_DATE_TIME", "ORG DATETIME", "D", "DD/MM/YYYY HH12:MM PM"],
			["OPERATOR_NAME", "OPERATOR", "S"],
			["INVOICE_POSTED", "INVOICE POSTED", "S"],
			["CALL_STATUS", "CALL STATUS", "S"],
			["CALL_STATUS_DESC", "CALL STATUS DESC", "S"],
			["PU_TYPE", "PU TYPE", "S"],
			["PU_COUNTRY", "PU COUNTRY", "S"],
			["PU_STATE", "PU STATE", "S"],
			["PU_CITY", "PU CITY", "S"],
			["PU_ZIPCODE", "PU ZIP", "S"],
			["PU_STREETNUMBER", "PU STREET NUM", "S"],
			["PU_STREETNAME", "PU STREET NAME", "S"],
			["PU_CROSSSTREET", "PU CROSS STREET", "S"],
			["PU_CROSSSTREET2", "PU CROSS STREET2", "S"],
			["PU_POINT", "PU POINT", "S"],
			["PU_DIRECTIONS", "PU DIRECTIONS", "S"],
			["PICKUP_LAT", "PU LATITUDE", "S"],
			["PICKUP_LON", "PU LONGITUDE", "S"],
			["PU_AIRPORT_NAME", "PU AIRPORT", "S"],
			["PU_AIRLINE_NAME", "PU AIRLINE NAME", "S"],
			["PU_FLIGHT_NUMBER", "PU FLIGHT NUMBER", "S"],
			["PU_FLIGHT_ARRIVING_FROM", "PU FLIGHT FROM", "S"],
			["PU_AIRPORT_OPTION", "PU AIRPORT OPTION", "S"],
			["PU_LANDMARK_NAME", "PU LANDMARK NAME", "S"],
			["DO_TYPE", "DO TYPE", "S"],
			["DO_COUNTRY", "DO COUNTRY", "S"],
			["DO_STATE", "DO STATE", "S"],
			["DO_CITY", "DO CITY", "S"],
			["DO_ZIPCODE", "DO ZIP", "S"],
			["DO_STREETNUMBER", "DO STREET NUM", "S"],
			["DO_STREETNAME", "DO STREET NAME", "S"],
			["DO_CROSSSTREET", "DO CROSS STREET", "S"],
			["DO_CROSSSTREET2", "DO CROSS STREET2", "S"],
			["DO_DIRECTIONS", "DO DIRECTIONS", "S"],
			["DROPOFF_LAT", "DO LATITUDE", "S"],
			["DROPOFF_LON", "DO LONGITUDE", "S"],
			["DO_AIRPORT_NAME", "DO AIRPORT NAME", "S"],
			["DO_AIRLINE_NAME", "DO AIRLINE NAME", "S"],
			["DO_FLIGHT_NUMBER", "DO FLIGHT NUM", "S"],
			["DO_TERMINAL_NUMBER", "DO TERMINAL NUM", "S"],
			["DO_FLIGHT_DESTINATION_CITY", "DO FLIGHT DEST CITY", "S"],
			["DO_LANDMARK_NAME", "DO LANDMARK NAME", "S"],
			["PAYMENT_METHOD", "PAYMENT METHOD", "S"],
			["ACCOUNT_NUMBER", "ACC NUM", "S"],
			["ACCOUNT_NAME", "ACC NAME", "S"],
			["VIP_NUMBER", "VIP NUM", "S"],
			["USER_COMPANY_NAME", "USER COMP NAME", "S"],
			["ACCOUNT_REQUIREMENT1", "ACC REQ 1", "S"],
			["ACCOUNT_REQUIREMENT2", "ACC REQ 2", "S"],
			["ACCOUNT_REQUIREMENT3", "ACC REQ 3", "S"],
			["ACCOUNT_REQUIREMENT4", "ACC REQ 4", "S"],
			["CARD_TYPE", "CARD TYPE", "S"],
			["CARD_HOLDER_NAME", "CARD HOLDER NAME", "S"],
			["CARD_NUMBER", "CARD NUM", "S"],
			["VERIFY_CODE", "VERIFY CODE", "S"],
			["BILLING_ZIPCODE", "BILLING ZIPCODE", "S"],
			["EXPIRATION_DATE", "EXP DATE", "D", "DD/MM/YYYY"],
			["CAR_NUM", "CAR NUM", "S"],
			["CAR_COLOR", "CAR COLOR", "S"],
			["CAR_MODEL", "CAR MODEL", "S"],
			["DRIVER_NAME", "DRIVER NAME", "S"],
			["DRIVER_NUM", "DRIVER NUM", "S"],
			["CAR_TYPE", "CAR TYPE", "S"],
			["CAR_YEAR", "CAR YEAR", "N"],
			["CONFIRMATION_METHOD", "CONFIRMATION METHOD", "S"],
			["PAYMENT_POLICY", "PAYMENT POLICY", "S"],
			["PHONE_NUMBER_US", "PHONE NUMBER US", "S"],
			["PHONE_EXT_US", "PHONE EXT US", "S"],
			["NUMBER_OF_PASSENGERS", "NUM OF PASSENGERS", "N"],
			["NUMBER_OF_STOPS", "NUM OF STOPS", "N"],
			["ACTUAL_NUM_OF_STOPS", "ACTUAL STOPS", "N"],
			["EMAIL", "EMAIL", "S"],
			["INVOICE_NUM", "INVOICE NUM", "N"],
			["INVOICE_DATE", "INVOICE DATE", "D", "DD/MM/YYYY"],
			["APPROVAL_DATE", "APPROVAL DATE", "D", "DD/MM/YYYY"],
			["TRANSACTION_DATE", "TRANSACTION DATE", "D", "DD/MM/YYYY"],
			["TRANSACTION_AMOUNT", "TRANSACTION AMOUNT", "N"],
			["GET_BILLING_OPTION", "GET BILLING OPTION", "S"],
			["FARE", "FARE", "N"],
			["SERVICE_CHARGE", "SERVICE CHARGE", "N"],
			["TIPS", "TIPS", "N"],
			["TOLLS", "TOLLS", "N"],
			["PARKING", "PARKING", "N"],
			["FUEL_SURCHARGE", "FUEL SURCHARGE", "N"],
			["PEAK_HOUR_SURCHARGE", "PEAK HOUR SURCHARGE", "N"],
			["WAITING_AMOUNT", "WAITING AMT", "N"],
			["STOP_WAITING_AMOUNT", "STOP WAITING AMT", "N"],
			["AIRPORT_SURCHARGE", "AIRPORT SURCHARGE", "N"],
			["WAITING_MINUTES", "WAITING MINS", "N"],
			["STOP_WAITING_MINUTES", "STOP WAITING MINS", "N"],
			["STOPS", "STOPS", "N"],
			["CHARGE_PACKAGE", "CHARGE PACKAGE", "N"],
			["ADDITONAL_PASSENGER", "ADDITONAL PASSENGER", "N"],
			["PHONE_CHARGE", "PHONE CHARGE", "N"],
			["MISC", "MISC", "N"],
			["NYS_SURCHARGE", "NYS SURCHARGE", "N"],
			["TOTAL_DISCOUNT", "TOTAL DISCOUNT", "N"],
			["STATE_SALESTAX", "STATE SALESTAX", "N"],
			["TOTAL", "TOTAL", "N"],
			["TOTAL_CALL_CHARGES", "TOTAL CALL CHARGES", "N"],
			["NET_CALL_CHARGES", "NET CALL CHARGES", "N"],
			["BILLED_AMOUNT", "BILLED AMOUNT", "N"],
			["SMOKING_ALLOWED", "SMOKING ALLOWED", "S"],
			["APPROVAL_NUM", "APPROVAL NUM", "S"],
			["SCHEDULED_DISPATCH_TIME", "SCHED DISPATCH_TIME", "D", "DD/MM/YYYY HH12:MM PM"],
			["DISPATCH_TIME", "DISPATCH TIME", "D", "DD/MM/YYYY HH12:MM PM"],
			["CURRENT_STATUS", "CURRENT STATUS", "S"],
			["CURRENT_STATUS_DESC", "CURRENT STATUS DESC", "S"],
			["ETA", "ETA", "N"],
			["FROM_ZONENUM", "FROM ZONENUM", "S"],
			["AP_ZONENUM", "AP ZONENUM", "S"],
			["TO_ZONENUM", "TO ZONENUM", "S"],
			["DO_AP_ZONENUM", "DO AP ZONENUM", "S"],
			["JOB_NUM", "JOB NUM", "N"],
			["CAN_UPDATE", "CAN UPDATE", "S"],
			["CAN_CANCEL", "CAN CANCEL", "S"],
			["CAN_VIEWSTATUS", "CAN VIEWSTATUS", "S"],
			["CAN_LOAD", "CAN LOAD", "S"],
			["CAN_UNLOAD", "CAN UNLOAD", "S"],
			["CAN_ONSCENE", "CAN ONSCENE", "S"],
			["CAN_ENROUTE", "CAN ENROUTE", "S"],
			["CAN_CIRCLING", "CAN CIRCLING", "S"],
			["CAN_JOBOFFER", "CAN JOBOFFER", "S"],
			["CAN_NOSHOW", "CAN NOSHOW", "S"],
			["CAN_ATSTOP", "CAN ATSTOP", "S"],
			["CAN_ETA", "CAN ETA", "S"],
			["CAN_VIEWVOUCHER", "CAN VIEWVOUCHER", "S"],
			["CAN_PRINTVOUCHER", "CAN PRINTVOUCHER", "S"],
			["CAN_ASSIGNDRIVER", "CAN ASSIGNDRIVER", "S"],
			["CONFIRMATION_TIME", "CONFIRMATION TIME", "D", "DD/MM/YYYY HH12:MM PM"],
			["ON_SCENE", "ON SCENE", "D", "DD/MM/YYYY HH12:MM PM"],
			["LOAD", "LOAD", "D", "DD/MM/YYYY HH12:MM PM"],
			["UNLOAD", "UNLOAD", "D", "DD/MM/YYYY HH12:MM PM"],
			["CIRCLE", "CIRCLE", "D", "DD/MM/YYYY HH12:MM PM"],
			["ETA_UPDATETIME", "ETA UPDATETIME", "D", "DD/MM/YYYY HH12:MM PM"],
			["ETA_UPDATE", "ETA UPDATE", "N"],
			["CIRCLE_ETA", "CIRCLE ETA", "N"],
			["APPROVAL_FLAG", "APPROVAL FLAG", "S"],
			["NUMBER_OF_CARS", "NUM OF CARS", "N"],
			["INVOICE_STATUS", "INVOICE STATUS", "S"]
		]
	},
	"JData": [
		[null, "5122704645", "KRIS", "IORIO", "12/27/2015", "11:30 am", "DRVRVFY.J2K", null, "\\\\192.168.2.13\\Receipt_Images\\\\5122704645.PNG", null, "2015-12-27T09:17:05", "CHERYL WILLIAMS", "Y", "6", "Confirmed", "1", "01", "NY", "MANHATTAN", "10010", "225", "E. 24 ST", "3 AVE", "2 AVE", "ON 24 ST", null, null, null, null, null, null, null, "A", null, "1", "01", "NJ", "EAST RUTHERFORD", "07072", "120", "STATE ROUTE 120", null, null, "HAVE NAME SIGN IN WINDOW. WAIT BY LOT \"E\"  BY THE TUNNEL ENTRANCE TO THE PEDESTRIAN BRIDGE. CALL PSG AT (   )    -    .   GIVE PSG YOUR LOCATION. ", null, null, null, "BERGEN", "METLIFE STADIUM", "STATE ROUTE 120", null, "METLIFE STADIUM", "2", "1010000", "CREDIT CARD ACCOUNT", "2034065259", "CREDIT CARD ACCOUNT", null, null, null, null, "0", " ", "371240095171008", null, null, "11/2016", "150", "BLACK", "TOWN CAR", "MOHAMMED T  ISLAM", "0130", "0", 2011, "CB", "G", "+1 6465745364", null, 1, "E", 0, "@.", 1655888, "2015-12-26T00:00:00", null, "2015-12-28T00:00:00", 109.68, 2, 88, 4, 0, 15, 0, 0, 0, 0, 0, 0, 3, 0, 0, 0, 0, 0, 0, 2.68, 0, 0, 107, 109.68, 107, 109.68, "N", "150548", "2015-12-27T11:10:00", "2015-12-27T11:10:23", "6", "6", 10, "10001240", null, "72103000", null, 75, "Yes", "Yes", "Yes", "Yes", "Yes", "Yes", "Yes", "Yes", "Yes", "Yes", "Yes", "Yes", "Yes", "Yes", "Yes", "12/27/2015 11:18:44", "12/27/2015 11:16:52", "12/27/2015 11:33:02", "12/27/2015 11:59:59", null, null, null, null, "3", 1, "NOT AVAILABLE"]
	]
}
