{
	"header" : [
		{"ActionCode"	: "1"},
		{"Message"		: "Request is parsed successfully and corresponding response is generaed!"},
		{"SysVersion"	: "1.0.2"}
	],
	"HeadingsOLD":[
		{"dataField": "Plate #"},
		{"dataField": "Nick"},
		{"dataField": "Make"},
		{"dataField": "Model"},
		{"dataField": "Mileage"},
		{"dataField": "Year"},
		{"dataField": "Color"},
		{"dataField": "Type"},
		{"dataField": "# Seats"},
		{"dataField": "# Bags"},
		{"dataField": "Registraion #"},
		{"dataField": "Registraion Expiration"},
		{"dataField": "Inspection Expiration"},
		{
			"dataField": "Assigned Driver",
			"cellTemplate": "<select class='select full'><option value='11'>Hales</option></select>"
		},
		{
			"dataField": "Actions",
			"caption": "Actions",
			"cellTemplate": "<div class='actions'> <label class='checkbox'><input type='checkbox' > Active</label> <a data-toggle='tooltip' data-placement='bottom' href='' title='Send Expiration Alerts'> <i class='far fa-bell'></i></a> </div>"
		}
	],
	"Headings":[
		{"dataField": "Plate #"},
		{"dataField": "Make"},
		{"dataField": "Model"},
		{"dataField": "Year"},
		{"dataField": "Type"},
		{"dataField": "Registraion #"},
		{
			"dataField": "Assigned Driver",
			"cellTemplate": "<select class='select full'><option value='11'>Hales</option></select>"
		},
		{
			"dataField": "Actions",
			"caption": "Actions",
			"cellTemplate": "<div class='actions'> <label class='checkbox'><input type='checkbox' > Active</label> <a data-toggle='tooltip' data-placement='bottom' href='' title='Send Expiration Alerts'> <i class='far fa-bell'></i></a> </div>"
		}
	],
	"jData" :[
		{
			"Plate #": "1234",
			"Make": "BMW",
			"Model": "i7000",
			"Year": "2017",
			"Type": "SUV",
			"Registraion #": "123PA"
		},
		{
			"Plate #": "1234",
			"Make": "BMW",
			"Model": "i7000",
			"Year": "2017",
			"Type": "SUV",
			"Registraion #": "123PA"
		},
		{
			"Plate #": "1234",
			"Make": "BMW",
			"Model": "i7000",
			"Year": "2017",
			"Type": "SUV",
			"Registraion #": "123PA"
		},
		{
			"Plate #": "1234",
			"Make": "BMW",
			"Model": "i7000",
			"Year": "2017",
			"Type": "SUV",
			"Registraion #": "123PA"
		},
		{
			"Plate #": "1234",
			"Make": "BMW",
			"Model": "i7000",
			"Year": "2017",
			"Type": "SUV",
			"Registraion #": "123PA"
		},
		{
			"Plate #": "1234",
			"Make": "BMW",
			"Model": "i7000",
			"Year": "2017",
			"Type": "SUV",
			"Registraion #": "123PA"
		},
		{
			"Plate #": "1234",
			"Make": "BMW",
			"Model": "i7000",
			"Year": "2017",
			"Type": "SUV",
			"Registraion #": "123PA"
		},
		{
			"Plate #": "1234",
			"Make": "BMW",
			"Model": "i7000",
			"Year": "2017",
			"Type": "SUV",
			"Registraion #": "123PA"
		},
	]
}
