{
	"header" : [
		{"ActionCode"	: "1"},
		{"Message"		: "Request is parsed successfully and corresponding response is generaed!"},
		{"SysVersion"	: "1.0.2"}
	],
	"Headings":[
		{"dataField": "First Name"},
		{"dataField": "Last Name"},
		{"dataField": "Phone"},
		{"dataField": "Email"},
		{"dataField": "License #"},
		{"dataField": "License Expiration"},
		{
			"dataField": "Assigned Car",
			"cellTemplate": "<select class='select full'><option value='11'>BMW 12</option></select>"
		},
		{
			"dataField": "Actions",
			"caption": "Actions",
			"cellTemplate": "<div class='actions'><label class='checkbox'><input type='checkbox' > Active</label>  <a data-toggle='tooltip' data-placement='bottom' href='' title='Send Expiration Alerts'> <i class='far fa-bell'></i></a> </div>"
		}
	],
	"jData" :[
		{
			"First Name": "John",
			"Last Name": "Wick",
			"Phone": "123-456-789-0",
			"Email": "abc@mail.com",
			"License #": "LEPQA123A124",
			"License Expiration": "03/12/2019"
		},
		{
			"First Name": "Tom",
			"Last Name": "Moody",
			"Phone": "123-456-789-0",
			"Email": "abc@mail.com",
			"License #": "LEPQA123A124",
			"License Expiration": "03/12/2019"
		},
		{
			"First Name": "John",
			"Last Name": "Wick",
			"Phone": "123-456-789-0",
			"Email": "abc@mail.com",
			"License #": "LEPQA123A124",
			"License Expiration": "03/12/2019"
		},
		{
			"First Name": "Tom",
			"Last Name": "Moody",
			"Phone": "123-456-789-0",
			"Email": "abc@mail.com",
			"License #": "LEPQA123A124",
			"License Expiration": "03/12/2019"
		},
		{
			"First Name": "John",
			"Last Name": "Wick",
			"Phone": "123-456-789-0",
			"Email": "abc@mail.com",
			"License #": "LEPQA123A124",
			"License Expiration": "03/12/2019"
		},
		{
			"First Name": "Tom",
			"Last Name": "Moody",
			"Phone": "123-456-789-0",
			"Email": "abc@mail.com",
			"License #": "LEPQA123A124",
			"License Expiration": "03/12/2019"
		},
		{
			"First Name": "John",
			"Last Name": "Wick",
			"Phone": "123-456-789-0",
			"Email": "abc@mail.com",
			"License #": "LEPQA123A124",
			"License Expiration": "03/12/2019"
		},
		{
			"First Name": "Tom",
			"Last Name": "Moody",
			"Phone": "123-456-789-0",
			"Email": "abc@mail.com",
			"License #": "LEPQA123A124",
			"License Expiration": "03/12/2019"
		}
	]
}
