{
	"JMetaData": {
		"PageNum": 20,
		"PageSize": 10,
		"colHeading": ["CallStatus","CallStatusDesc", "Lat", "Long"]
	},
	"JData": [
		["0", "Booked In", "59.3", "18.1"],
		["0", "Booked In", "52.3", "19.1"],
		["0", "Booked In", "63.3", "20.1"],
		["0", "Booked In", "64.3", "21.1"],
		["0", "Booked In", "58.3", "22.1"],
		["1", "On Call", "59.6", "18"],
		["1", "On Call", "63.6", "19"],
		["2", "On Scene", "63", "15"],
		["2", "On Scene", "64", "18"],
		["2", "On Scene", "59", "21"],
		["3", "Circling", "75", "19"],
		["4", "Load", "62", "18"],
		["4", "Load", "59", "28"],
		["4", "Load", "49", "15"],
		["5", "Unload",  "59.3", "18.1"],
		["5", "Unload", "52.3", "19.1"],
		["5", "Unload",  "63.3", "20.1"],
		["5", "Unload", "1292", "78"],
		["5", "Unload",  "64.3", "21.1"],
		["5", "Unload", "58.3", "22.1"]
	]
}
