{
	"header" : [
		{"ActionCode"	: "1"},
		{"Message"		: "Request is parsed successfully and corresponding response is generaed!"},
		{"SysVersion"	: "1.0.2"}
	],
	"Headings":[
		{"dataField": "Login ID"},
		{"dataField": "Name"},
		{"dataField": "Role"},
		{"dataField": "Active"},
		{
			"dataField": "Actions",
			"caption": "Action",
			"cellTemplate": "<div class='actions'> <a data-toggle='tooltip' data-placement='bottom' href='' title='Delete'><i class='fa fa-trash'></i></a> <a data-toggle='tooltip' data-placement='bottom' href='' title='Reset Password'><i class='fa fa-redo-alt'></i></a> <a  data-toggle='tooltip' data-placement='bottom' href='' title='ACL'><i class='fab fa-adn'></i></a> <a  data-toggle='tooltip' data-placement='bottom' href='' title='Mange Pages'><i class='far fa-file-alt'></i></a> </div>"
		}
	],
	"jData" :[
		{
			"Login ID": "martin@limousine.com",
			"Name": "Martin Rex",
			"Role": "Call Taker",
			"Active": "Active",
			"Actions": ""
		},
		{
			"Login ID": "Billy@limousine.com",
			"Name": "Billy Boe",
			"Role": "Call Taker",
			"Active": "Active",
			"Actions": ""
		},
		{
			"Login ID": "Grandy@limousine.com",
			"Name": "Grandy Drill",
			"Role": "Call Taker",
			"Active": "Active",
			"Actions": ""
		},
		{
			"Login ID": "Shaun@limousine.com",
			"Name": "Shaun Micheal",
			"Role": "Call Taker",
			"Active": "Active",
			"Actions": ""
		},
		{
			"Login ID": "Wax@limousine.com",
			"Name": "Wax William",
			"Role": "Call Taker",
			"Active": "Active",
			"Actions": ""
		},
		{
			"Login ID": "william@limousine.com",
			"Name": "William Brain",
			"Role": "Call Taker",
			"Active": "Active",
			"Actions": ""
		},
		{
			"Login ID": "martin@limousine.com",
			"Name": "Martin Rex",
			"Role": "Call Taker",
			"Active": "Active",
			"Actions": ""
		},
		{
			"Login ID": "Billy@limousine.com",
			"Name": "Billy Boe",
			"Role": "Call Taker",
			"Active": "Active",
			"Actions": ""
		},
		{
			"Login ID": "Grandy@limousine.com",
			"Name": "Grandy Drill",
			"Role": "Call Taker",
			"Active": "Active",
			"Actions": ""
		},
		{
			"Login ID": "Shaun@limousine.com",
			"Name": "Shaun Micheal",
			"Role": "Call Taker",
			"Active": "Active",
			"Actions": ""
		},
		{
			"Login ID": "Wax@limousine.com",
			"Name": "Wax William",
			"Role": "Call Taker",
			"Active": "Active",
			"Actions": ""
		},
		{
			"Login ID": "william@limousine.com",
			"Name": "William Brain",
			"Role": "Call Taker",
			"Active": "Active",
			"Actions": ""
		},
		{
			"Login ID": "martin@limousine.com",
			"Name": "Martin Rex",
			"Role": "Call Taker",
			"Active": "Active",
			"Actions": ""
		},
		{
			"Login ID": "Billy@limousine.com",
			"Name": "Billy Boe",
			"Role": "Call Taker",
			"Active": "Active",
			"Actions": ""
		},
		{
			"Login ID": "Grandy@limousine.com",
			"Name": "Grandy Drill",
			"Role": "Call Taker",
			"Active": "Active",
			"Actions": ""
		},
		{
			"Login ID": "Shaun@limousine.com",
			"Name": "Shaun Micheal",
			"Role": "Call Taker",
			"Active": "Active",
			"Actions": ""
		},
		{
			"Login ID": "Wax@limousine.com",
			"Name": "Wax William",
			"Role": "Call Taker",
			"Active": "Active",
			"Actions": ""
		},
		{
			"Login ID": "william@limousine.com",
			"Name": "William Brain",
			"Role": "Call Taker",
			"Active": "Active",
			"Actions": ""
		},
		{
			"Login ID": "john@limousine.com",
			"Name": "John Doe",
			"Role": "Call Taker",
			"Active": "Active",
			"Actions": ""
		}
	]
}
