{
	"header" : [
		{"ActionCode"	: "1"},
		{"Message"		: "Request is parsed successfully and corresponding response is generaed!"},
		{"SysVersion"	: "1.0.2"}
	],
	"Headings":[
		{"dataField": "Row"},
		{
			"dataField": "Column",
			"caption": "Column",
			"cellTemplate": "<select class='select full'><option value='156'>-- Affiliates --</option><option value='11'>Abc Limo</option> <option value='12'>Xyz Limo</option><option value='16'>Cumionu Limo</option></select>"
		},
		{"dataField": ""}
	],
	"jData" :[
		{
			"Row": "",
			"": " "
		},
		{
			"Row": "",
			"": " "
		},
		{
			"Row": "",
			"": " "
		},
		{
			"Row": "",
			"": " "
		},
		{
			"Row": "",
			"": " "
		},
		{
			"Row": "",
			"": " "
		},
		{
			"Row": "",
			"": " "
		}
	]
}
