{
	"header" : [
		{"ActionCode"	: "1"},
		{"Message"		: "Request is parsed successfully and corresponding response is generaed!"},
		{"SysVersion"	: "1.0.2"}
	],
	"Headings":[
		{"dataField": "Company ID"},
		{"dataField": "User ID"},
		{"dataField": "Page Name"},
		{"dataField": "Page Description"},
		{
			"dataField": "Actions",
			"caption": "Action",
			"cellTemplate": "<div class='actions'> <a data-toggle='tooltip' data-placement='bottom' href='' title='Delete'><i class='fa fa-trash'></i></a> <a data-toggle='tooltip' data-placement='bottom' href='' title='Page Control'><i class='fa fa-cog'></i></a></div>"
		}
	],
	"jData" :[
		{
			"Company ID": "ABC",
			"User ID": "123",
			"Page Name": "Contact Page",
			"Page Description": "This is a Page"
		}
	]
}
