[
	{
		"JMetaData": {
			"PageNum": 1,
			"PageSize": 1,
			"colvalues": ["FIRST_NAME", "LAST_NAME", "CITY", "STATE", "COUNTY"],
			"colHeading": ["First Name", "Last Name", "City", "State", "County"]
		},
		"JData": [
			["EMAIL", "VISITOR", "MANHATTAN", "LC", "NEW YORK"]
		]
	},

	{
		"JMetaData": {
			"PageNum": 20,
			"PageSize": 10,
			"colHeading": ["Jobs To Dispatch", "Jobs Waiting", "Late on Scene"],
			"icons":["fa fa-car", "far fa-clock", "fa fa-hourglass-half"]
		},
		"JData": [
			[10, 12, 55]
		]
	},

	{
		"JMetaData": {
			"PageNum": 20,
			"PageSize": 10,
			"SortBy": "RESERVATION_NUM",
			"SortOrder": "DESC",
			"colvalues": ["RESERVATION_NUM", "ORIG_LINE_NUM", "LINE_NUM", "ORIGINATE_DATE_TIME", "ACCOUNT_NUM", "ACCOUNT_NAME", "VIP_NUM", "RESERVATION_DATE", "RESERVATION_TIME", "ACCOUNT_REQMT_1_DATA", "ACCOUNT_REQMT_2_DATA", "ACCOUNT_REQMT_3_DATA", "ACCOUNT_REQMT_4_DATA", "LAST_NAME", "FIRST_NAME"],
			"colHeading": ["RESERVATION_NUM", "ORIG_LINE_NUM", "LINE_NUM", "ORIGINATE_DATE_TIME", "ACCOUNT_NUM", "ACCOUNT_NAME", "VIP_NUM", "RESERVATION_DATE", "RESERVATION_TIME", "ACCOUNT_REQMT_1_DATA", "ACCOUNT_REQMT_2_DATA", "ACCOUNT_REQMT_3_DATA", "ACCOUNT_REQMT_4_DATA", "LAST_NAME", "FIRST_NAME"]
		},
		"JData": [
			["DCTQ789", "SND", "SND", "2017-10-12T14:39:22", "44292", "DOUGLAS MACKENZIE CC", "1001070955", "2017-10-18T05:00:00", "1900-01-01T05:00:00", null, null, null, null, "MACKENZIE", "DOUGLAS "],
			["DCTQ769", "TXT", "TXT", "2017-10-12T14:34:21", "RETAILCC", "RETAILCC", "9990001041", "2017-10-16T14:15:00", "1900-01-01T14:15:00", null, null, null, null, "ALVAREZ", "SERGIO"],
			["DCTQ741", "TXT", "TXT", "2017-10-12T14:30:09", "3800", "WELLS FARGO CC", "9990000004", "2017-10-17T20:36:00", "1900-01-01T20:36:00", "44566", "018900500", null, null, "BLUM", "MICHAEL"],
			["DCTQ698", "TXT", "SND", "2017-10-12T14:22:06", "3800", "WELLS FARGO CC", "9990000004", "2017-10-16T06:30:00", "1900-01-01T06:30:00", "44566", "018900500", null, null, "BLUM", "MICHAEL"],
			["DCTQ655", "SND", "SND", "2017-10-12T14:14:02", "270", "THE BLACKSTONE GROUP", "102730", "2017-10-20T13:30:00", "1900-01-01T13:30:00", "102730", "40003.1113.51020", "SR. MANAGING DIRECTOR", "40003.1113.51020", "MARSHALL", "BRAD"],
			["DCTQ646", "SND", "SND", "2017-10-12T14:12:41", "270", "THE BLACKSTONE GROUP", "102730", "2017-10-19T07:30:00", "1900-01-01T07:30:00", "102730", "40003.1113.51020", "SR. MANAGING DIRECTOR", "40003.1113.51020", "MARSHALL", "BRAD"],
			["DCTQ161", "CB", "CB", "2017-10-12T12:09:56", "43263", "CLYDE & CO US LLP", "2127103965", "2017-10-18T04:00:00", "1900-01-01T04:00:00", "981028", null, null, null, "RAJH", "KUMAR"],
			["DCTQ149", "TXT", "TXT", "2017-10-12T12:07:49", "3111812", "MOMENTUM-NA INC. -1450", "160814", "2017-10-18T11:45:00", "1900-01-01T11:45:00", "1125222-1345-U0", "N", null, null, "STOOPLER", "JESSE"],
			["DCTQ109", "TXT", "TXT", "2017-10-12T12:01:03", "3111812", "MOMENTUM-NA INC. -1450", "160814", "2017-10-17T07:00:00", "1900-01-01T07:00:00", "1125222-1345-U0", "N", null, null, "STOOPLER", "JESSE"],
			["DCTQ081", "SND", "SND", "2017-10-12T11:50:57", "98184", "STARCOM - CC ON FILE", "143330", "2017-10-19T15:00:00", "1900-01-01T15:00:00", null, null, null, null, "DONOHUE", "LISA"]
		]
	},

	{
		"JMetaData": {
			"PageNum": 20,
			"PageSize": 10,
			"colHeading": ["Booked In", "On Call", "On Scene", "Circling", "Load", "Unload"],
			"icons":["fa fa-laptop","fa fa-phone","fa fa-film","fa fa-link","fa fa-truck-loading","fa fa-luggage-cart"]
		},
		"JData": [
			[41, 10, 12, 78, 69, 19]
		]
	},

	{
		"JMetaData": {
			"PageNum": 20,
			"PageSize": 10,
			"SortBy": "RESERVATION_NUM",
			"SortOrder": "DESC",
			"colvalues": ["RESERVATION_NUM", "ORIG_LINE_NUM", "LINE_NUM", "ORIGINATE_DATE_TIME", "ACCOUNT_NUM", "ACCOUNT_NAME", "VIP_NUM", "RESERVATION_DATE", "RESERVATION_TIME", "ACCOUNT_REQMT_1_DATA", "ACCOUNT_REQMT_2_DATA", "ACCOUNT_REQMT_3_DATA", "ACCOUNT_REQMT_4_DATA", "LAST_NAME", "FIRST_NAME"],
			"colHeading": ["RESERVATION_NUM", "ORIG_LINE_NUM", "LINE_NUM", "ORIGINATE_DATE_TIME", "ACCOUNT_NUM", "ACCOUNT_NAME", "VIP_NUM", "RESERVATION_DATE", "RESERVATION_TIME", "ACCOUNT_REQMT_1_DATA", "ACCOUNT_REQMT_2_DATA", "ACCOUNT_REQMT_3_DATA", "ACCOUNT_REQMT_4_DATA", "LAST_NAME", "FIRST_NAME"]
		},
		"JData": [
			["DIU2090", "SND", "SND", "2017-04-11T21:58:47", "39162", "QUINN EMANUEL URQUHART ET AL", "9999977068", "2017-04-11T21:58:47", "1900-01-01T21:58:00", "0081199807", null, null, null, "HSU", "ERIC"],
			["DIT2335", "SND", "SND", "2017-04-12T03:45:23", "11814", "DECHERT LLP", "36672", "2017-04-12T03:45:22", "1900-01-01T03:44:00", "149261", null, null, null, "MUZERE", "LINDA"],
			["DIS4903", "SND", "SND", "2017-04-13T06:17:20", "39929", "SHEPPARD MULLIN RICHTER ", "1001043049", "2017-04-13T06:17:20", "1900-01-01T06:16:00", "39BH25013", null, null, null, "ANDERSON", "LEAH"],
			["DIQ8178", "SND", "SND", "2017-04-15T18:33:12", "41700", "TD SECURITIES", "1001071333", "2017-04-15T18:33:12", "1900-01-01T18:31:00", "9944", null, null, null, "ABOOSH", "FADI"],
			["DINY621", "SND", "SND", "2017-04-18T11:28:55", "44021", "BREVAN HOWARD INC", "1110174947", "2017-04-19T23:30:00", "1900-01-01T23:30:00", null, null, null, null, "AMIN", "RAJESH"],
			["DINY522", "SND", "SND", "2017-04-18T11:02:04", "44707", "BREVAN HOWARD US INVEST MANAGE", "1110171259", "2017-05-02T12:07:23", "1900-01-01T12:07:00", null, null, null, null, "KRASNY", "TERESA"],
			["DINX209", "SND", "SND", "2017-04-18T16:06:34", "40488", "EVERCORE PARTNERS SERVICES", "1001078919", "2017-04-18T16:06:34", "1900-01-01T16:00:00", "A6621", "LATE NIGHT TRANSPORT", "4186", null, "CRAWFORD", "ANITA"],
			["DIMW793", "SND", "SND", "2017-04-19T10:34:38", "44130", "COHEN CLAIR LANS GREIFER THORP", "7182137880", "2017-04-19T10:35:00", "1900-01-01T10:35:00", "MERCER", null, null, null, "COHEN", "ROBERT S"],
			["DIMW401", "SND", "SND", "2017-04-19T02:10:52", "2655", "NATIONAL FOOTBALL LEAGUE CC", "1110165433", "2017-04-19T02:10:52", "1900-01-01T02:08:00", "NO SUV ", null, null, null, "STACKHOUSE", "CHRIS"],
			["DILT891", "SND", "SND", "2017-04-20T16:04:00", "6869", "BETH ISRAEL ", "138488", "2017-04-20T18:00:00", "1900-01-01T18:00:00", "MEDICINEINFECTIONCONTR", null, null, null, "MOSS", "MARIE "]
		]
	}
]