{
	"header" : [
		{"ActionCode"	: "1"},
		{"Message"		: "Request is parsed successfully and corresponding response is generaed!"},
		{"SysVersion"	: "1.0.2"}
	],
	"Headings":[
		{"dataField": "Company ID"},
		{"dataField": "Company Name"},
		{"dataField": "City"},
		{"dataField": "State"},
		{"dataField": "Assigned Template"},
		{"dataField": "Contact Name"},
		{"dataField": "Contact No"},
		{"dataField": "Email Address"},
		{
			"dataField": "Actions",
			"caption": "Action",
			"minWidth": 250,
			"cellTemplate": "<div class='actions'> <input type='checkbox' class='form-check-input'><label class='form-check-label'> Active</label> <a data-toggle='tooltip' data-placement='bottom' href='usermanagement.html' title='User Managment'><i class='fa fa-user'></i></a>  <a data-toggle='tooltip' data-placement='bottom' href='page-management.html' title='Page Managment'><i class='fa fa-file-alt'></i></a>  <a data-toggle='tooltip' data-placement='bottom' href='control-acl.html' title='Control ACL'><i class='fa fa-file-contract'></i></a> <a class='custom-btn style4 dropdown-toggle cp' href='#' title=''><span class='color-fill-icon dropdown-color-fill-icon' style='background-color:#000;'></span> </a> </div>"
		}
	],
	"jData" :[
		{
			"Company ID": "12",
			"Company Name": "XYZ Limo",
			"City": "NewYork",
			"State": "NY",
			"Assigned Template": "Default - 5 Cars",
			"Contact Name": "John Smith",
			"Contact No": "123-456-7890",
			"Email Address": "abc@xyz.com"
		},
		{
			"Company ID": "12",
			"Company Name": "XYZ Limo",
			"City": "NewYork",
			"State": "NY",
			"Assigned Template": "Default - 5 Cars",
			"Contact Name": "John Smith",
			"Contact No": "123-456-7890",
			"Email Address": "abc@xyz.com"
		},
		{
			"Company ID": "12",
			"Company Name": "XYZ Limo",
			"City": "NewYork",
			"State": "NY",
			"Assigned Template": "Default - 5 Cars",
			"Contact Name": "John Smith",
			"Contact No": "123-456-7890",
			"Email Address": "abc@xyz.com"
		}
		,
		{
			"Company ID": "12",
			"Company Name": "XYZ Limo",
			"City": "NewYork",
			"State": "NY",
			"Assigned Template": "Default - 5 Cars",
			"Contact Name": "John Smith",
			"Contact No": "123-456-7890",
			"Email Address": "abc@xyz.com"
		}
	]
}
