{
	"header" : [
		{"ActionCode"	: "1"},
		{"Message"		: "Request is parsed successfully and corresponding response is generaed!"},
		{"SysVersion"	: "1.0.2"}
	],
	"Headings":[
		{"dataField": "Company ID User ID"},
		{"dataField": "Name"},
		{"dataField": "Subscribed Service Level Role"},
		{
			"dataField": "Actions",
			"caption": "Action",
			"cellTemplate": "<div class='actions'> <a data-toggle='tooltip' data-placement='bottom' href='' title='Access Control'><i class='fa fa-file-contract'></i></a> </div>"
		}
	],
	"jData" :[
		{
			"Company ID User ID": "12",
			"Name": "Notifications",
			"Subscribed Service Level Role": " "
		},
		{
			"Company ID User ID": "13",
			"Name": "Jobs Status",
			"Subscribed Service Level Role": " "
		},
		{
			"Company ID User ID": "14",
			"Name": "Fleet Status",
			"Subscribed Service Level Role": " "
		}
		,
		{
			"Company ID User ID": "14",
			"Name": "Manage Jobs",
			"Subscribed Service Level Role": " "
		}
	]
}
