{
	"header" : [
		{"ActionCode"	: "1"},
		{"Message"		: "Request is parsed successfully and corresponding response is generaed!"},
		{"SysVersion"	: "1.0.2"}
	],
	"Headings":[
		{"dataField": "Control ID"},
		{"dataField": "Name"},
		{"dataField": "Description"},
		{
			"dataField": "Permissions",
			"caption": "Permissions",
			"cellTemplate": "<div class='actions'><div><input type='checkbox' class='form-check-input' id='exampleCheck1'><label class='form-check-label' for='exampleCheck1'>Read</label></div><div><input type='checkbox' class='form-check-input' id='exampleCheck2'><label class='form-check-label' for='exampleCheck2'>Write</label></div></div>"
		}
	],
	"jData" :[
		{
			"Control ID": "12",
			"Name": "Notifications",
			"Description": " "
		},
		{
			"Control ID": "13",
			"Name": "Jobs Status",
			"Description": " "
		},
		{
			"Control ID": "14",
			"Name": "Fleet Status",
			"Description": " "
		}
		,
		{
			"Control ID": "15",
			"Name": "Manage Jobs",
			"Description": " "
		}
	]
}
