{
	"header" : [
		{"ActionCode"	: "1"},
		{"Message"		: "Request is parsed successfully and corresponding response is generaed!"},
		{"SysVersion"	: "1.0.2"}
	],
	"Headings":[
		{"dataField": "Row", "width":"200"},
		{
			"dataField": "Control",
			"caption": "Control",
			"cellTemplate": "<select class='select full'><option value='156'>-- Select Column Name --</option><option value='11'>Reservation #</option> <option value='12'>First Name</option><option value='16'>Last Name</option><option value='17'>VIP #</option><option value='17'>Ride Date</option></select>"
		}
	],
	"jData" :[
		{
			"Row": " "
		},
		{
			"Row": " "
		},
		{
			"Row": " "
		},
		{
			"Row": " "
		},
		{
			"Row": " "
		},
		{
			"Row": " "
		},
		{
			"Row": " "
		}
	]
}
