{
	"header" : [
		{"ActionCode"	: "1"},
		{"Message"		: "Request is parsed successfully and corresponding response is generaed!"},
		{"SysVersion"	: "1.0.2"}
	],
	"Headings":[
		{"dataField": "Company ID"},
		{"dataField": "User ID"},
		{"dataField": "Page Name"},
		{"dataField": "Page Description"},
		{
			"dataField": "Actions",
			"caption": "Action",
			"cellTemplate": "<div class='actions'> <a class='confirm' data-toggle='tooltip' data-placement='bottom' href='' title='Delete'><i class='fa fa-trash-alt'></i></a> <a data-toggle='tooltip' data-placement='bottom' href='page-control.html' title='Page Control'><i class='fa fa-cogs'></i></a> <a data-toggle='tooltip' data-placement='bottom' href='page-settings.html' title='Page Settings'><i class='fab fa-css3-alt'></i></a></div>"
		}
	],
	"jData" :[
		{
			"Company ID": "A1 Limo",
			"User ID": "123",
			"Page Name": "Dashboard",
			"Page Description": "Landing page for user"
		},
		{
			"Company ID": "A1 Limo",
			"User ID": "123",
			"Page Name": "Manage Jobs",
			"Page Description": "Page to manage all jobs"
		},
		{
			"Company ID": "A1 Limo",
			"User ID": "123",
			"Page Name": "Scheduler",
			"Page Description": "Page to schedule vehicles"
		},
		{
			"Company ID": "A1 Limo",
			"User ID": "123",
			"Page Name": "Preferences",
			"Page Description": "Page to set application preferences"
		}
		,
		{
			"Company ID": "A1 Limo",
			"User ID": "123",
			"Page Name": "About Us",
			"Page Description": "Abo"
		},
		{
			"Company ID": "A1 Limo",
			"User ID": "123",
			"Page Name": "Contact Us",
			"Page Description": "Contact Us Page"
		}
		]
}
