{
	"header" : [
		{"ActionCode"	: "1"},
		{"Message"		: "Request is parsed successfully and corresponding response is generaed!"},
		{"SysVersion"	: "1.0.2"}
	],
	"Headings":[
		{
			"dataField": "Control",
			"caption": "Control",
			"cellTemplate": "<select class='select full'> <option value='11'>Notifications</option> <option value='12'>Jobs Status</option><option value='16'>Fleet Status</option><option value='17'>Mange Jobs</option><option value='18'>Top Status Bar</option><option value='19'>Scheduler</option></select>"
		},
		{"dataField": "Height"},
		{"dataField": "Width"},
		{"dataField": "Description"},
		{
			"dataField": "Actions",
			"caption": "Actions",
			"cellTemplate": "<div class='actions'> <a data-toggle='tooltip'  href='control-columns.html' title='Control Columns'> <i class='fa fa-link'></i> </a> </div>"
		}
	],
	"jData" :[
		{
			"Control": "Notifications",
			"Height": "250px",
			"Width": "500px",
			"Description": " "
		},
		{
			"Control": "Jobs Status",
			"Height": "250px",
			"Width": "500px",
			"Description": " "
		},
		{
			"Control": "Fleet Status",
			"Height": "250px",
			"Width": "500px",
			"Description": " "
		}
		,
		{
			"Control": "Manage Jobs",
			"Height": "250px",
			"Width": "500px",
			"Description": " "
		}
		,
		{
			"Control": "--Select--",
			"Height": "250px",
			"Width": "500px",
			"Description": " "
		},
		{
			"Control": "--Select--",
			"Height": "250px",
			"Width": "500px",
			"Description": " "
		}
	]
}
