{
	"header" : [
		{"ActionCode"	: "1"},
		{"Message"		: "Request is parsed successfully and corresponding response is generaed!"},
		{"SysVersion"	: "1.0.2"}
	],
	"Headings":[
		{"dataField": "Template ID"},
		{"dataField": "Template Name"},
		{"dataField": "Company Name"},
		{"dataField": "User Name"},
		{"dataField": "Template Description"},
		{
			"dataField": "Actions",
			"caption": "Action",
			"cellTemplate": "<div class='actions'> <a class='confirm' data-toggle='tooltip' data-placement='bottom' href='' title='Delete'><i class='fa fa-trash-alt'></i></a> <a data-toggle='tooltip' data-placement='bottom' href='template-pages.html' title='Template Pages'><i class='fa fa-th-large'></i></a></div>"
		}
	],
	"jData" :[
		{
			"Template ID": "123456",
			"Template Name": "Default 5 Cars",
			"Company Name": "ABC",
			"User Name": "123",
			"Template Description": "This is a template Page"
		},
		{
			"Template ID": "123456",
			"Template Name": "Default 5 Cars",
			"Company Name": "ABC",
			"User Name": "123",
			"Template Description": "This is a template Page"
		},
		{
			"Template ID": "123456",
			"Template Name": "Default 5 Cars",
			"Company Name": "ABC",
			"User Name": "123",
			"Template Description": "This is a template Page"
		},
		{
			"Template ID": "123456",
			"Template Name": "Default 5 Cars",
			"Company Name": "ABC",
			"User Name": "123",
			"Template Description": "This is a template Page"
		}
		,
		{
			"Template ID": "123456",
			"Template Name": "Default 5 Cars",
			"Company Name": "ABC",
			"User Name": "123",
			"Template Description": "This is a template Page"
		},
		{
			"Template ID": "123456",
			"Template Name": "Default 5 Cars",
			"Company Name": "ABC",
			"User Name": "123",
			"Template Description": "This is a template Page"
		}
		]
}
