{
	"header" : [
		{"ActionCode"	: "1"},
		{"Message"		: "Request is parsed successfully and corresponding response is generaed!"},
		{"SysVersion"	: "1.0.2"}
	],
	"Headings":[
		{
			"dataField": "Page Name",
			"caption": "Page Name",
			"cellTemplate": "<select class='select full'> <option value='11'>Dashboard</option> <option value='12'>Jobs</option><option value='16'>Fleet Status</option><option value='17'>Cars</option><option value='18'>About Us</option><option value='19'>Scheduler</option></select>"
		},
		{"dataField": "Description"},
		{"dataField": "Date Created"},
		{"dataField": "Created By"},
		{
			"dataField": "Actions",
			"caption": "Actions",
			"cellTemplate": "<div class='actions'> <a data-toggle='tooltip'  href='page-control.html' title='Page Control'> <i class='fa fa-cogs'></i> </a> </div>"
		}
	],
	"jData" :[
		{
			"Description": "",
			"Date Created": "12 Nov 2019",
			"Created By": "Super Admin"
		},
		{
			"Description": "",
			"Date Created": "12 Nov 2019",
			"Created By": "Super Admin"
		},
		{
			"Description": "",
			"Date Created": "12 Nov 2019",
			"Created By": "Super Admin"
		}
	]
}
