{
	"JHeader": {
		"ActionCode": 0,
		"Message": "Request is parsed and Response is generated successfully",
		"SysVersion": "1.0.0"
	},
	"JMetaData": {
		"PageNum": 0,
		"PageSize": 10,
		"SortBy": "DRIVER_NUM",
		"SortOrder": "DESC",
		"TotalRecords": 10,
		"Headings": [
			["COMPANY_NUM", "COMPANY #", "N"],
			["DRIVER_NUM", "DRIVER #", "S"],
			["FIRST_NAME", "FIRST NAME", "S"],
			["LAST_NAME", "LAST NAME", "S"],
			["AREA_CODE", "AREA CODE", "S"],
			["PHONE_NUM", "PHONE NUM", "S"],
			["EMAIL_ADDRESS", "EMAIL", "S"],
			["DRIVER_LICENSE_STATE", "LICENSE STATE", "S"],
			["DRIVER_LICENSE_NUM", "LICENSE NUM", "S"],
			["DRIVER_LICENSE_RENEWAL_DATE", "LICENSE RENEWAL DATE", "D", "DD/MM/YYYY"],
			["ASSIGN_CAR_NUM", "ASSIGN CAR #", "S"],
			["ASSIGN_CAR_DESC", "CAR DESC", "S"],
			["ACTIVE", "ACTIVE", "S"],
			["TERMINATION_DATE", "TERMINATION_DATE", "D", "DD/MM/YYYY"]
		]
	},
	"JData": [
		["999", "9999", "LIMOUSINE.COM", "LIMOUSINE.COM", null, null, null, "NY", null, null, "9999", "LINCOLN", "Y", null],
		["999", "9999", "LIMOUSINE.COM", "LIMOUSINE.COM", null, null, null, "NY", null, null, "999", "LINCOLN", "Y", null],
		["999", "9936", "Alliance", "Limousine, Inc", "818", "7868800", "manager@alliancelimo.net", "NY", null, null, "9936", "LINCOLN", "Y", null],
		["999", "9936", "Alliance", "Limousine, Inc", "818", "7868800", "manager@alliancelimo.net", "NY", null, null, "9936", "LINCOLN", "Y", null],
		["999", "9900", "GUENDADI", "RIABOV", "818", "7534347", null, "CA", "B9856591", "02/09/2010", null, null, "Y", null],
		["999", "935103", "SYED", "HASSAN", null, null, "shassan@soundviewtech.com", "NY", null, null, "998", "LINCOLN", "Y", null],
		["999", "935102", "ALEX", "SMITH", "323", "4561454", "shassan@soundviewtech.com", "CA", "1231231231", "01/07/2011", "1501", "LINCOLN", "Y", null],
		["999", "1204", "ALIK", "GEV", "323", "4659406", "3239975200@messaging.nextel.com", "CA", null, null, null, null, "Y", null],
		["999", "1108", "JOSEF", "FIKHMAN", "818", "3445793", "joseflisa@hotmail.com", "CA", "C6209629", "11/08/2010", null, null, "Y", null],
		["999", "1023", "EVGUENI", "PANTELEIMONOV", "323", "4655097", "2133058093@messaging.nextel.com", "CA", "D1644239", "12/23/2019", null, null, "Y", null]
	]
}