{
  "Jobs To Dispatch" : [
    {
      "title": "JTD 1",
      "lat": 59.3,
      "lng": 18.1,
      "description": "Stockholm is the capital and the largest city of Sweden and constitutes the most populated urban area in Scandinavia with a population of 2.1 million in the metropolitan area (2010)"
    },
    {
      "title": "JTD 2",
      "lat": 59.9,
      "lng": 10.8,
      "description": "Oslo is a municipality, and the capital and most populous city of Norway with a metropolitan population of 1,442,318 (as of 2010)."
    },
    {
      "title": "JTD 3",
      "lat": 55.7,
      "lng": 12.6,
      "description": "Copenhagen is the capital of Denmark and its most populous city, with a metropolitan population of 1,931,467 (as of 1 January 2012)."
    }
  ],

  "Jobs Waiting" : [
    {
      "title": "JW 1",
      "lat": 60.3,
      "lng": 17.1,
      "description": "Stockholm is the capital and the largest city of Sweden and constitutes the most populated urban area in Scandinavia with a population of 2.1 million in the metropolitan area (2010)"
    },
    {
      "title": "JW 2",
      "lat": 58.2,
      "lng": 11.2,
      "description": "Oslo is a municipality, and the capital and most populous city of Norway with a metropolitan population of 1,442,318 (as of 2010)."
    },
    {
      "title": "JW 3",
      "lat": 62.7,
      "lng": 11.6,
      "description": "Copenhagen is the capital of Denmark and its most populous city, with a metropolitan population of 1,931,467 (as of 1 January 2012)."
    }
  ],

  "Late on Scene" : [
    {
      "title": "Stockholm LOS",
      "lat": 65.4,
      "lng": 15.1,
      "description": "Stockholm is the capital and the largest city of Sweden and constitutes the most populated urban area in Scandinavia with a population of 2.1 million in the metropolitan area (2010)"
    },
    {
      "title": "Oslo LOS",
      "lat": 51.6,
      "lng": 14.8,
      "description": "Oslo is a municipality, and the capital and most populous city of Norway with a metropolitan population of 1,442,318 (as of 2010)."
    },
    {
      "title": "Copenhagen LOS",
      "lat": 55.7,
      "lng": 12.6,
      "description": "Copenhagen is the capital of Denmark and its most populous city, with a metropolitan population of 1,931,467 (as of 1 January 2012)."
    }
  ],

  "Booked In" : [
    {
      "title": "Stockholm LOS",
      "lat": 65.4,
      "lng": 15.1,
      "description": "Stockholm is the capital and the largest city of Sweden and constitutes the most populated urban area in Scandinavia with a population of 2.1 million in the metropolitan area (2010)"
    },
    {
      "title": "Oslo LOS",
      "lat": 51.6,
      "lng": 14.8,
      "description": "Oslo is a municipality, and the capital and most populous city of Norway with a metropolitan population of 1,442,318 (as of 2010)."
    },
    {
      "title": "Copenhagen LOS",
      "lat": 55.7,
      "lng": 12.6,
      "description": "Copenhagen is the capital of Denmark and its most populous city, with a metropolitan population of 1,931,467 (as of 1 January 2012)."
    }
  ],


  "On Call" : [
    {
      "title": "Oslo LOS",
      "lat": 52.6,
      "lng": 13.8,
      "description": "Oslo is a municipality, and the capital and most populous city of Norway with a metropolitan population of 1,442,318 (as of 2010)."
    },
    {
      "title": "Copenhagen LOS",
      "lat": 34.7,
      "lng": 14.6,
      "description": "Copenhagen is the capital of Denmark and its most populous city, with a metropolitan population of 1,931,467 (as of 1 January 2012)."
    }
  ],
  
  "On Scene" : [
    {
      "title": "Oslo LOS",
      "lat": 61.6,
      "lng": 23.8,
      "description": "Oslo is a municipality, and the capital and most populous city of Norway with a metropolitan population of 1,442,318 (as of 2010)."
    },
    {
      "title": "Copenhagen LOS",
      "lat": 46.7,
      "lng": 13.6,
      "description": "Copenhagen is the capital of Denmark and its most populous city, with a metropolitan population of 1,931,467 (as of 1 January 2012)."
    }
  ]


}