{
	"JMetaData": {
		"PageNum": 20,
		"PageSize": 10,
		"colHeading": ["CallStatus","CallStatusDesc", "Lat", "Long"]
	},
	"JData": [
		["0", "Booked In", "1292", "78"],
		["0", "Booked In", "1292", "78"],
		["0", "Booked In", "1292", "78"],
		["0", "Booked In", "1292", "78"],
		["0", "Booked In", "1292", "78"],
		["1", "On Call", "1292", "78"],
		["1", "On Call", "1292", "78"],
		["2", "On Scene", "1292", "78"],
		["2", "On Scene", "1292", "78"],
		["2", "On Scene", "1292", "78"],
		["3", "Circling", "1292", "78"],
		["4", "Load", "1292", "78"],
		["4", "Load", "1292", "78"],
		["4", "Load", "1292", "78"],
		["5", "Unload", "1292", "78"],
		["5", "Unload", "1292", "78"],
		["5", "Unload", "1292", "78"],
		["5", "Unload", "1292", "78"],
		["5", "Unload", "1292", "78"],
		["5", "Unload", "1292", "78"],
	]
}