{
	"JMetaData": {
		"PageNum": 20,
		"PageSize": 10,
		"colHeading": ["CallStatus","CallStatusDesc", "Lat", "Long"]
	},
	"JData": [
		["0", "Jobs To Dispatch", "55.3", "18.1"],
		["0", "Jobs To Dispatch", "52.3", "19.1"],
		["0", "Jobs To Dispatch", "63.3", "20.1"],
		["0", "Jobs To Dispatch", "44.3", "21.1"],
		["1", "Jobs Waiting", "58.3", "22.1"],
		["1", "Jobs Waiting", "59.6", "18"],
		["1", "Jobs Waiting", "63.6", "19"],
		["2", "Late on Scene", "63", "15"],
		["2", "Late on Scene", "64", "18"],
		["2", "Late on Scene", "59", "21"],
		["2", "Late on Scene", "75", "19"]
	]
}
