{
	"header" : [
		{"ActionCode"	: "1"},
		{"Message"		: "Request is parsed successfully and corresponding response is generaed!"},
		{"SysVersion"	: "1.0.2"}
	],
	"HeadingsOLD":[
		{"dataField": "Plate #"},
		{"dataField": "Nick"},
		{"dataField": "Make"},
		{"dataField": "Model"},
		{"dataField": "Mileage"},
		{"dataField": "Year"},
		{"dataField": "Color"},
		{"dataField": "Type"},
		{"dataField": "# Seats"},
		{"dataField": "# Bags"},
		{"dataField": "Registraion #"},
		{"dataField": "Registraion Expiration"},
		{"dataField": "Inspection Expiration"},
		{
			"dataField": "Assigned Driver",
			"cellTemplate": "<select class='select full'><option value='11'>Hales</option></select>"
		},
		{
			"dataField": "Actions",
			"caption": "Actions",
			"cellTemplate": "<div class='actions'> <label class='checkbox'><input type='checkbox' > Active</label> <a data-toggle='tooltip' data-placement='bottom' href='' title='Send Expiration Alerts'> <i class='far fa-bell'></i></a> </div>"
		}
	],
	"Headings":[
		{"dataField": "Car #"},
		{"dataField": "Type"},
		{"dataField": "Assigned Driver"},
		{"dataField": "Plate #"},
		{"dataField": "Make"},
		{"dataField": "Model"},
		{"dataField": "Year"},
		{"dataField": "Registraion #"},
		{
			"dataField": "Actions",
			"caption": "Actions",
			"cellTemplate": "<div class='actions'> <label class='checkbox'><input type='checkbox' > Active</label> <a data-toggle='tooltip' data-placement='bottom' href='' title='Send Expiration Alerts'> <i class='far fa-bell'></i></a> </div>"
		}
	],
	"jData" :[
		{
			"Car #": "1001",
			"Plate #": "A1234",
			"Make": "BMW",
			"Model": "M SERIES",
			"Year": "2018",
			"Type": "SUV",
			"Registraion #": "123PA",
			"Assigned Driver": "John Smith"
		},
		{
			"Car #": "1002",
			"Plate #": "A1235",
			"Make": "Mercedes",
			"Model": "",
			"Year": "2017",
			"Type": "Sedan",
			"Registraion #": "233PA",
			"Assigned Driver": "M. Iqbal"
		},
		{
			"Car #": "1003",
			"Plate #": "A1236",
			"Make": "BMW",
			"Model": "M SERIES",
			"Year": "2016",
			"Type": "SUV",
			"Registraion #": "423PA",
			"Assigned Driver": "Qasim Hassan"
		},
		{
			"Car #": "1004",
			"Plate #": "A1254",
			"Make": "BMW",
			"Model": "i8",
			"Year": "2018",
			"Type": "SUV",
			"Registraion #": "523PA",
			"Assigned Driver": "Umer Javed"
		},
		{
			"Car #": "1005",
			"Plate #": "A1233",
			"Make": "Mercedes",
			"Model": "",
			"Year": "2017",
			"Type": "Sedan",
			"Registraion #": "723PA",
			"Assigned Driver": "Will Smith"
		},
		{
			"Car #": "1006",
			"Plate #": "A1431",
			"Make": "BMW",
			"Model": "M SERIES",
			"Year": "2016",
			"Type": "SUV",
			"Registraion #": "823PA",
			"Assigned Driver": "John Doe"
		},
		{
			"Car #": "1007",
			"Plate #": "A3512",
			"Make": "BMW",
			"Model": "i8",
			"Year": "2017",
			"Type": "SUV",
			"Registraion #": "933PA",
			"Assigned Driver": "Brett Lee"
		},
		{
			"Car #": "1008",
			"Plate #": "A1225",
			"Make": "Limo",
			"Model": "",
			"Year": "2017",
			"Type": "SUV",
			"Registraion #": "123PA",
			"Assigned Driver": "Mike Holding"
		}
	]
}
