{
	"header" : [
		{"ActionCode"	: "1"},
		{"Message"		: "Request is parsed successfully and corresponding response is generaed!"},
		{"SysVersion"	: "1.0.2"}
	],
	"Headings":[
		{"dataField": "Driver #"},
		{"dataField": "First Name"},
		{"dataField": "Last Name"},
		{"dataField": "Phone"},
		{"dataField": "Email"},
		{"dataField": "License #"},
		{"dataField": "License Expiration"},
		{"dataField": "Assigned Car"},
		{
			"dataField": "Actions",
			"caption": "Actions",
			"cellTemplate": "<div class='actions'><label class='checkbox'><input type='checkbox' > Active</label>  <a data-toggle='tooltip' data-placement='bottom' href='' title='Send Expiration Alerts'> <i class='far fa-bell'></i></a> </div>"
		}
	],
	"jData" :[
		{
			"Driver #": "3001",
			"First Name": "John",
			"Last Name": "Wick",
			"Phone": "123-456-789",
			"Email": "John@mail.com",
			"License #": "AEPQA123A121",
			"License Expiration": "05/10/2024",
			"Assigned Car":"BM 12303"
		},
		{
			"Driver #": "3002",
			"First Name": "Tom",
			"Last Name": "Moody",
			"Phone": "223-456-782",
			"Email": "Tom@mail.com",
			"License #": "BEPQA123A122",
			"License Expiration": "03/12/2023",
			"Assigned Car":"BM 41204"
		},
		{
			"Driver #": "3003",
			"First Name": "John",
			"Last Name": "Smith",
			"Phone": "323-456-783",
			"Email": "JohnSmith@mail.com",
			"License #": "CEPQA123A123",
			"License Expiration": "05/11/2021",
			"Assigned Car":"LIMO 392"
		},
		{
			"Driver #": "3004",
			"First Name": "Micky",
			"Last Name": "Aurthur",
			"Phone": "423-456-784",
			"Email": "Micky@mail.com",
			"License #": "DEPQA123A124",
			"License Expiration": "03/11/2025",
			"Assigned Car":"BM 481"
		},
		{
			"Driver #": "3005",
			"First Name": "David",
			"Last Name": "Boon",
			"Phone": "523-456-785",
			"Email": "David@mail.com",
			"License #": "EEPQA123A125",
			"License Expiration": "04/12/2023",
			"Assigned Car":"LIMO 132"
		},
		{
			"Driver #": "3006",
			"First Name": "Mark",
			"Last Name": "Waugh",
			"Phone": "623-456-786",
			"Email": "Mark@mail.com",
			"License #": "FEPQA123A126",
			"License Expiration": "06/12/2022",
			"Assigned Car":"BM 345"
		},
		{
			"Driver #": "3006",
			"First Name": "Steve",
			"Last Name": "Smith",
			"Phone": "723-456-787",
			"Email": "Steve@mail.com",
			"License #": "GEPQA123A127",
			"License Expiration": "04/12/2021",
			"Assigned Car":"BM 1424"
		},
		{
			"Driver #": "3007",
			"First Name": "Liam",
			"Last Name": "Dawson",
			"Phone": "823-456-788",
			"Email": "Liam@mail.com",
			"License #": "HEPQA123A128",
			"License Expiration": "03/12/2020",
			"Assigned Car":"LIMO 392"
		}
	]
}
