{
	"JHeader": {
		"ActionCode": 0,
		"Message": "Request is parsed and Response is generated successfully",
		"SysVersion": "1.0.0"
	},
	"JMetaData": [
		{
			"id": "r001",
			"Assigned": false,
			"Duration_hr": "01",
			"Duration_mins": "30",
			"Car_id" : "NY 614: 2018",
			"Date" : "23 March 2019",
			"Time" :  " 10:30 AM  ",
			"Passenger" : {
				"Name" : "Mr. John Smith",
				"Phone" : "718-444-665",
				"Pickup" : "Estate of Jane Meriweather C/O Hawaiian Trust Company Honolulu, HI 96801-1234"
			},
			"Driver" : {
				"Name" : " ",
				"Image" : " "
			}
		},
		{
			"id": "r002",
			"Assigned": true,
			"Duration_hr": "02",
			"Duration_mins": "30",
			"Car_id" : "T76768 : 2015",
			"Date" : "23 March 2019",
			"Time" :  " 09:30 AM  ",
			"Passenger" : {
				"Name" : "Mrs. Shukla Devi",
				"Phone" : "274-444-185",
				"Pickup" : "422 Street, Main Boulevard"
			},
			"Driver" : {
				"Name" : "Bale Disel",
				"Image" : "images/resource/driver2.jpg"
			}
		},
		{
			"id": "r003",
			"Assigned": false,
			"Duration_hr": "02",
			"Duration_mins": "00",
			"Car_id" : "PLA 9876 : 2018",
			"Date" : "23 March 2019",
			"Time" :  " 08:30 AM  ",
			"Passenger" : {
				"Name" : "Mr. John Smith",
				"Phone" : "718-444-665",
				"Pickup" : "Estate of Jane Meriweather C/O Hawaiian Trust Company Honolulu, HI 96801-1234"
			},
			"Driver" : {
				"Name" : "Bale Disel",
				"Image" : "images/resource/driver2.jpg"
			}
		},
		{
			"id": "r004",
			"Assigned": true,
			"Duration_hr": "02",
			"Duration_mins": "00",
			"Car_id" : "PLA 9876 : 2018",
			"Date" : "23 March 2019",
			"Time" :  " 11:00 AM  ",
			"Passenger" : {
				"Name" : "Mrs. Shukla Devi",
				"Phone" : "274-444-185",
				"Pickup" : "422 Street, Main Boulevard"
			},
			"Driver" : {
				"Name" : "Bale Disel",
				"Image" : "images/resource/driver2.jpg"
			}
		},
		{
			"id": "r005",
			"Assigned": false,
			"Duration_hr": "02",
			"Duration_mins": "00",
			"Car_id" : "NY 614: 2018",
			"Date" : "23 March 2019",
			"Time" :  " 08:00 AM  ",
			"Passenger" : {
				"Name" : "Mr. John Smith",
				"Phone" : "718-444-665",
				"Pickup" : "Estate of Jane Meriweather C/O Hawaiian Trust Company Honolulu, HI 96801-1234"
			},
			"Driver" : {
				"Name" : "Bale Disel",
				"Image" : "images/resource/driver2.jpg"
			}
		}
	]

}
