{
	"header" : [
		{"ActionCode"	: "1"},
		{"Message"		: "Request is parsed successfully and corresponding response is generaed!"},
		{"SysVersion"	: "1.0.2"}
	],
	"Headings":[
		{"dataField": "ID"},
		{"dataField": "Name"},
		{"dataField": "Description"},
		{"dataField": "# of Pages Used"},
		{"dataField": "Since"},
		{"dataField": "Role"},
		{
			"dataField": "Active",
			"caption": "Active",
			"cellTemplate": "<div class='actions'><input type='checkbox' class='form-check-input'><label class='form-check-label'> Active</label></div>"
		},
		{
			"dataField": "Actions",
			"caption": "Action",
			"cellTemplate": "<div class='actions'> <a data-toggle='tooltip' data-placement='bottom' href='' title='Control Customization'><i class='fa fa-sliders-h'></i></a> </div>"
		}
	],
	"jData" :[
		{
			"ID": "12",
			"Name": "Notifications",
			"Description": "Jobs Notifications",
			"# of Pages Used": "10",
			"Since": "12/12/2018",
			"Role": "Admin"
		},{
			"ID": "13",
			"Name": "Job Status",
			"Description": "Jobs Status",
			"# of Pages Used": "10",
			"Since": "12/12/2018",
			"Role": "Admin"
		},{
			"ID": "14",
			"Name": "Fleet Status",
			"Description": "Fleet Status",
			"# of Pages Used": "10",
			"Since": "12/12/2018",
			"Role": "Admin"
		},{
			"ID": "15",
			"Name": "Manage Jobs",
			"Description": "Manage Jobs",
			"# of Pages Used": "10",
			"Since": "12/12/2018",
			"Role": "Admin"
		},{
			"ID": "15",
			"Name": "Top Status Bar",
			"Description": "Status Bar on top of the page for Jobs and Fleet Status",
			"# of Pages Used": "10",
			"Since": "12/12/2018",
			"Role": "Admin"
		}
]
}
