{
	"header" : [
		{"ActionCode"	: "1"},
		{"Message"		: "Request is parsed successfully and corresponding response is generaed!"},
		{"SysVersion"	: "1.0.2"}
	],
	"Headings":[
		{
			"dataField": "Control",
			"caption": "Control",
			"cellTemplate": "<select class='select full'> <option value='11'>Notifications</option> <option value='12'>Jobs Status</option><option value='16'>Fleet Status</option><option value='17'>Mange Jobs</option><option value='18'>Top Status Bar</option><option value='19'>Scheduler</option></select>"
		},
		{"dataField": "Height"},
		{"dataField": "Width"},
		{"dataField": "Description"}
	],
	"jData" :[
		{
			"Height": "250px",
			"Width": "500px",
			"Description": " "
		},
		{
			"Height": "250px",
			"Width": "500px",
			"Description": " "
		},
		{
			"Height": "250px",
			"Width": "500px",
			"Description": " "
		}
	]
}
